{"filesMd5":[{"page":"/mediator/index.js","md5":"029aff8559597f49dbe166ee9458ba38"},{"page":"/pages/personalInfor/index.js","md5":"77056c91a37f239d08c853b93730a709"},{"page":"/pages/receiving/index.js","md5":"09ba4c5893845639462811ce05613102"},{"page":"/pages/construction/activeImage.js","md5":"8682d8be9012fa9b3f2664709d73ab3e"},{"page":"/pages/dataTest/index.js","md5":"48d755be11f643ace9bc6b3a8fdd01eb"},{"page":"/pages/user/binding.js","md5":"26412888efae36675b855aebf94f5e98"},{"page":"/pages/user/aboutUs.js","md5":"caf809b839efa5b6cdf369e270b78657"},{"page":"/pages/code/index.js","md5":"96236dc4b9a9b3a7d4df6ccf0e912d8d"},{"page":"/pages/contract/contractDetail.js","md5":"c1057dbe0aabecdf5c3ac4949f79c3c9"},{"page":"/pages/contract/baseContract.js","md5":"81722c29e8fec305dbff10a50abed7f0"},{"page":"/pages/contract/designContract.js","md5":"dd3563d5657643bab6e3675e1dabd727"},{"page":"/pages/noLogin/noLogin.js","md5":"f0af3c1ad882b4ae02abe9ec795899b7"},{"page":"/pages/others/housemap.js","md5":"5ea6e7fadc61169861a8c96afc67cd1d"},{"page":"/pages/others/map.js","md5":"e24ded23ba30bebf1e37f61dbf9fdf18"},{"page":"/pages/dataLi/addnote.js","md5":"fa4e9f5d135fbabccd840be2aa206907"},{"page":"/pages/design/storeDesigner.js","md5":"e3054c6935f607fcc56f7f1c44a8729a"},{"page":"/pages/feeDetails/allFees.js","md5":"9be378a6be31b07860c4b56bcbe92734"},{"page":"/pages/myHome/myHome.js","md5":"7a595e7d533c90072eada172919f5850"},{"page":"/pages/others/success.js","md5":"4e3b006b8fee173dd422f62e42444346"},{"page":"/pages/personInfo/index.js","md5":"17e8562f5f3c5999163a526ebeed2e73"},{"page":"/pages/refund/refundDetails.js","md5":"57145d19e6838a0a2ef9f41b692eb47e"},{"page":"/pages/contract/coatDetail.js","md5":"fb47cb7d030a6bead18231ad6e3d8231"},{"page":"/pages/personInfo/add.js","md5":"8eaa893bc72d0304ba19acc9e6a7727e"},{"page":"/pages/personInfo/chooseCity.js","md5":"d40b1b7080544a0fd472ad9251c68c40"},{"page":"/pages/personInfo/search.js","md5":"f8e23aa14e3c1ff06f0189251b7c4e6b"},{"page":"/pages/quotation/list.js","md5":"36f11e436654eec68a63a70034d79ae0"},{"page":"/pages/search/index.js","md5":"fc30c68c2f1abdec90050d14342081e0"},{"page":"/pages/service/index.js","md5":"df521b2beeefb3b223d365bbb6a9f4ac"},{"page":"/pages/refund/refundList.js","md5":"075723c6f9267d176fa5aad23762da5c"},{"page":"/pages/setIndex/phone.js","md5":"14816205ede61fd186d9ff156f72d6a5"},{"page":"/pages/comment/index.js","md5":"766b313f46ef2df56daa33a0e13e5c35"},{"page":"/pages/user/changePassword.js","md5":"461e36b073c33f484a8d75d066ecd4bf"},{"page":"/pages/user/login.js","md5":"f30d0645b9be1332995d9423e4d4b9c5"},{"page":"/pages/user/register.js","md5":"ca1bd8aad9a3f3bf76aa4a0778c15775"},{"page":"/pages/user/signInWithLogin.js","md5":"f504f37aa6dff0bccc226299aa2cc7a6"},{"page":"/pages/user/setting.js","md5":"0ac8703eb3b5de080a53f800fa0875b7"},{"page":"/pages/user/reset.js","md5":"e3b8a98811a78d4e3eb944f21de20914"},{"page":"/pages/costSummary/costSummary.js","md5":"961d83e6ca986112b2c979da03469297"},{"page":"/pages/feeDetails/feeDetails.js","md5":"525e6cc5a53abec1c7280cc685f47747"},{"page":"/pages/home/scan.js","md5":"5077484ed852b32c87fc23e9a9856f99"},{"page":"/pages/others/allComments.js","md5":"4104e07fd139ce2c4c04b13cdd867bc9"},{"page":"/pages/others/writeComments.js","md5":"131f846e481d0c95621db5941cf37c4e"},{"page":"/pages/setIndex/changePhone.js","md5":"65255f3db1cbcf8804432785f1ce2a48"},{"page":"/pages/setIndex/newPhone.js","md5":"7d02036e976d2dff35fe71ae1a603748"},{"page":"/pages/setIndex/index.js","md5":"21bb658e914accac4269cd26244dd351"},{"page":"/pages/test/test.js","md5":"ffe87b6fb2c5b0ca4ecdb72bb72532b0"},{"page":"/pages/user/index.js","md5":"b147a5053c5f5d675c6d22bb1e6dbb34"},{"page":"/config/index.js","md5":"c19ac4ef83aa3c36cd7a2a30da9ae6c9"},{"page":"/pages/dataLi/index.js","md5":"bdb86a6f16462cf1ad0cd025965c6248"},{"page":"/pages/newAtJia/allorder.js","md5":"030fea9945be9132f1b815327002f55b"},{"page":"/pages/user/feedBack.js","md5":"52a27fc8ee4d177ae0e66b124d687c38"},{"page":"/pages/others/receivingReport.js","md5":"f616c73746a6f789e4b9310e9128c57a"},{"page":"/pages/quotation/index.js","md5":"7ac06d227903dc7ff7822caec246de52"},{"page":"/pages/user/myMessage.js","md5":"fec4dbe49b0fa9a012194eda68d8d699"},{"page":"/pages/desig/index.js","md5":"7b89fac944284f4cd7ff9d4a621e75eb"},{"page":"/pages/project/modification.js","md5":"dcee1a07b31ee6db557728ffa738838f"},{"page":"/pages/personInfo/addDetails.js","md5":"5da444a52a81f5cf07dacb25f805596d"},{"page":"/pages/contract/contractList.js","md5":"a5ac3d64fe9cb48db3b3d807451999e2"},{"page":"/pages/estate/estateDetails.js","md5":"7f75bc9732f96c4353bf8ebfd810c85b"},{"page":"/pages/home/newsDetails.js","md5":"ebe98957d3352a5e4b0f0d331a406228"},{"page":"/pages/store/storeDetails.js","md5":"06a1ffb516a96de516ac4c6fa0ad81f2"},{"page":"/pages/construction/index.js","md5":"83360a43cd25bab9dfbb1996029ac38b"},{"page":"/pages/construction/constructionDetails.js","md5":"58619ca3fe75fce5ec9f3e2dc99eb554"},{"page":"/pages/design/case.js","md5":"462bd76ef99bbe27e0af9f18674909d4"},{"page":"/pages/design/caseList.js","md5":"979a983648fc16f2fb9b8ad7f5baa671"},{"page":"/pages/design/designer.js","md5":"723a0a74c19fd5b9398bb1b28bae64a8"},{"page":"/pages/estate/index.js","md5":"bec58126b8b6324480fe7fb619ea316d"},{"page":"/pages/home/newsList.js","md5":"df3eacec2e136bee30c087e3d134157e"},{"page":"/pages/home/softList.js","md5":"52f1788d659b93d792d28d7d4f5acce0"},{"page":"/pages/others/designDrawings.js","md5":"186fb1e5788952f600216680bcacf234"},{"page":"/pages/store/index.js","md5":"eebdd3acfd33f419a40d5457fdb522b8"},{"page":"/pages/home/index.js","md5":"84ef9aaaf3caa635a03be802aee49393"},{"page":"/pages/allOrders/allOrders.js","md5":"cb00aedc3b9dadad9abbb112463b16d4"},{"page":"/pages/user/personal.js","md5":"62c82cb8a3fbc5c0ce1796f4b5822342"},{"page":"/pages/design/caseInfo.js","md5":"c006aa218fac810647fd428d56eed78d"},{"page":"/pages/design/index.js","md5":"704b7a4814a30d0cd4cf9466f600afc3"},{"page":"/pages/user/myInspiration.js","md5":"699e1a7c172b04a84690ae465985a67c"},{"page":"/pages/design/designerInfo.js","md5":"d05346e95e377eb45d9d5d8f6200ba04"},{"page":"/pages/atjia/index.js","md5":"e16268c80c4a149c9f9afcafe1fcdf20"},{"page":"/pages/newAtJia/index.js","md5":"7743f69166850a594ee1388aa7aba520"},{"page":"/pages/order/preciseBudget.js","md5":"16f1a7bb4c23c40426791e2f15015961"},{"page":"/pages/order/fastBudget.js","md5":"7c4cbbea43d8d5d5d70e246d1215f120"},{"page":"/pages/index.js","md5":"7bc65f44d8ba9b2c8c141a9e2c607923"},{"page":"/pages/order/smartBudget.js","md5":"6bbed9ce8427c6142534e494560502b9"},{"page":"/pages/order/prebook.js","md5":"75deef4b9b526c3ed2743904a35d9997"},{"page":"/iconfont/iconfont-eros.ttf","md5":"68780fad0047dc5b02cb613ebb08cda1"},{"page":"/iconfont/iconfont.ttf","md5":"c8c5c981a46e9d7a45c0f59c9b2b6a7f"},{"page":"/assets/design@2x.png","md5":"87ffe7ea7c4feeadc3260fc4760b3d80"},{"page":"/assets/design_Selected@2x.png","md5":"11d3560f0637a63c668bc4a0d413f51e"},{"page":"/assets/home@2x.png","md5":"50fdfd5234cd3326d0ba8e3da1932714"},{"page":"/assets/home_Selected@2x.png","md5":"fca8783f3ba088a9e53a20db44f2f483"},{"page":"/assets/home_atjia@2x.png","md5":"00b73929fc22e4b352175d6949a8a091"},{"page":"/assets/home_atjia_check@2x.png","md5":"0762c3e8f9bf37499e15d85f7b0b8b71"},{"page":"/assets/info(根目录下的图片不能移动！)","md5":"d41d8cd98f00b204e9800998ecf8427e"},{"page":"/assets/service@2x.png","md5":"1077dea4e9758927ffd909a5aeb74aa1"},{"page":"/assets/service_Selected@2x.png","md5":"6dac0f223a67d49a4913e65b6592aebc"},{"page":"/assets/user@2x.png","md5":"cd360fa399ad3b7c406d2a96eab01807"},{"page":"/assets/user_Selected@2x.png","md5":"d2bf49368df3f95e42dc471e91b26485"},{"page":"/assets/css/base.scss","md5":"c19bb23b0c929095707b535e0826d7bb"},{"page":"/assets/css/basebase.css","md5":"ed5c79adebdfdad0aa4f08e7e05d4220"},{"page":"/assets/css/basic.scss","md5":"06caac25fa8a0cdc6116f1222afc1698"},{"page":"/assets/css/borderBox.scss","md5":"b2b8ca570fee588719b3a865f7e7d7b7"},{"page":"/assets/css/color.scss","md5":"620362cd0ad91d0ee1dd7a89fcadb4f7"},{"page":"/assets/images/1.png","md5":"da0b4a4a56c3edbb82ae270d955daeba"},{"page":"/assets/images/2.png","md5":"232bcd6c92bec7034e692a891b85c0d1"},{"page":"/assets/images/3.png","md5":"901c55f9d2ab80fd918d9209cc01b0d4"},{"page":"/assets/images/4.png","md5":"7aecb3fc3e06935129fd67ce4d589fb0"},{"page":"/assets/images/5.png","md5":"3cafd1c4b4a3689d75e2d99e49087fbe"},{"page":"/assets/images/6.png","md5":"488f70824433c68b20adfee1974b625d"},{"page":"/assets/images/Best_Sellers.png","md5":"60aeed1109bcbf104a41d3942846b1e0"},{"page":"/assets/images/CgpnG1rWsuKAbLOGAAGSGyrO6oA364.jpg","md5":"a0c5bf7ca6b1c439b1ca7d3f0d541c02"},{"page":"/assets/images/Designer.png","md5":"2e22adf6fd33dd59aead3fe7a6e4fc86"},{"page":"/assets/images/Group-21@2x.png","md5":"f795115e1ad3fba58dfc29f88a617d88"},{"page":"/assets/images/Group15copy@2x.png","md5":"1bd98611d502b91fd0592d93f2cfd315"},{"page":"/assets/images/Group40@2x.png","md5":"41f474170ca0cfd45907ca5bf7cc2798"},{"page":"/assets/images/Group41@2x.png","md5":"7fba3862b8f023a6297c7add85078aeb"},{"page":"/assets/images/Group@2x.png","md5":"19bdcf7d537472cd4d2c063d7153f108"},{"page":"/assets/images/Groupclick@2x.png","md5":"19bdcf7d537472cd4d2c063d7153f108"},{"page":"/assets/images/Headline.png","md5":"0d50da0ccfbb4a622e7799ec8a8320a8"},{"page":"/assets/images/Label.png","md5":"b7fa475bfaa64805d520ca5070452629"},{"page":"/assets/images/Light_bulb.png","md5":"0ef12a3a1b7e3bdc25e13531ba499094"},{"page":"/assets/images/Slice@2x.png","md5":"3273fdb4238bfe29058f25adf8fe0a19"},{"page":"/assets/images/Soft_wear.png","md5":"7898c92823315cd09cb0193fb9a7e6e0"},{"page":"/assets/images/TabBar_Item1@2x.png","md5":"9f1edde3e3c493125aa1526aaf72e73d"},{"page":"/assets/images/TabBar_Item1_Selected@2x.png","md5":"d5e7609700d9a4f075e39b20fecbb9c3"},{"page":"/assets/images/TabBar_Item2@2x.png","md5":"6774d4074d376d716a5c9f447c6a3efd"},{"page":"/assets/images/TabBar_Item2_Selected@2x.png","md5":"e1ae4f456c18ccee39b3dd1fe7801994"},{"page":"/assets/images/TabBar_Item3@2x.png","md5":"c74d71c755710384145dc30922c21a3b"},{"page":"/assets/images/TabBar_Item3_Selected@2x.png","md5":"457d615a5c198b0148609f5eed84be70"},{"page":"/assets/images/attention@2x.png","md5":"ce202e9914a327898920dd13a3e87e78"},{"page":"/assets/images/building.jpeg","md5":"ef58a7b335455672b75a1069f5c17c46"},{"page":"/assets/images/captcha.png","md5":"92ff2803ec82d26465b0b098bc8a40ab"},{"page":"/assets/images/case.png","md5":"8b51767f69ad15823412511beac7d1b4"},{"page":"/assets/images/checked.png","md5":"8bddb99e267058f406200679c0ac9beb"},{"page":"/assets/images/circle.png","md5":"17b89110675430f619634653a26c800d"},{"page":"/assets/images/circle_red.png","md5":"4e6ea89927859581f8a55b63b2ce5ce8"},{"page":"/assets/images/close.png","md5":"7dc649f83610480e200fe3cf40840608"},{"page":"/assets/images/demo.jpg","md5":"ad0a76ef138304056020d234c3217aeb"},{"page":"/assets/images/dianhua.png","md5":"83d7234be896a0e9354fdb8c7999999e"},{"page":"/assets/images/dingdan1.png","md5":"d3ae6eaa18c4a33d2979ef3a1a11a4de"},{"page":"/assets/images/dingdan2.png","md5":"e57d4e680090f82fc22856b18286b56b"},{"page":"/assets/images/dongtai1.png","md5":"5417f853f07b3f83f010f472127f0dfe"},{"page":"/assets/images/dongtai2.png","md5":"d947b87b377076097610327c618abd87"},{"page":"/assets/images/downarrow.png","md5":"bc2f2979df91493a20c3cd2db6fe7c49"},{"page":"/assets/images/expand.png","md5":"a5fcd0ae4ead1dcc396d65e3fb3e6629"},{"page":"/assets/images/feiyong1.png","md5":"8fc7d1ce9e698712f6da880e21d2f830"},{"page":"/assets/images/feiyong2.png","md5":"880dd9b41bb78fc414ae4b125a659593"},{"page":"/assets/images/group-home-1@3x.png","md5":"29572dc3defc5723f44500d8e7e85d1c"},{"page":"/assets/images/group-home-2@3x.png","md5":"d9c7b56040b923ea0c7daf36303c16d1"},{"page":"/assets/images/head-default-d-n.png","md5":"004762e6bc10ca576d7c73c258e23eec"},{"page":"/assets/images/head-default-d-y.png","md5":"64ddb5a2c375d739b53501365984b06a"},{"page":"/assets/images/head-left-btn.png","md5":"768c103b6353b585265e430f999ae8b8"},{"page":"/assets/images/head-right-btn.png","md5":"f43dff56a4dc0411564ceb64a69254ca"},{"page":"/assets/images/head.jpg","md5":"662b762361b72b23628764eb9435cbbf"},{"page":"/assets/images/home-bg@3x.png","md5":"81f9f8ed367c0603dfa1305944e520fb"},{"page":"/assets/images/home-cl@3x.png","md5":"8c9c11f198a1d6781c5d3d90ef7daa1d"},{"page":"/assets/images/home-ht@3x.png","md5":"0dd9da82498599f6de6e065961c196d5"},{"page":"/assets/images/home-sj@3x.png","md5":"eaa85b3111f7aca6a20dcc11b44ebf83"},{"page":"/assets/images/home-zj@3x.png","md5":"d6e4d6208b1152d75683c3732cd4711b"},{"page":"/assets/images/icon_case.png","md5":"b3b6b5d021254c079ba9833cf312f328"},{"page":"/assets/images/icon_hot.png","md5":"1992c6b17e69f5c5c3c222f8ee4063d0"},{"page":"/assets/images/icon_offer.png","md5":"e88c4ac4251a3409c9f54e30a8e59645"},{"page":"/assets/images/icon_service.png","md5":"8fb12b8527610cb34fc5714ecfde8f8f"},{"page":"/assets/images/liming.jpg","md5":"eeb2e9fce70d836b3fce97e1cf95511f"},{"page":"/assets/images/mark_b.png","md5":"7a2674f9e3b6ccad9111fdbc08edf5dc"},{"page":"/assets/images/more.png","md5":"dff508ab0c3162dc22430bb83d31d9b0"},{"page":"/assets/images/nodata.png","md5":"4ece47ffa20855892170edab5ff7d4c9"},{"page":"/assets/images/none2.png","md5":"0d487924b46fa70cff6790ca2926eed5"},{"page":"/assets/images/oval-head-bg@3x.png","md5":"73a1eb705f78c020e7874ffc2f9cef40"},{"page":"/assets/images/page1.png","md5":"ca46dafaeb3a4d81886ce9b532ff0515"},{"page":"/assets/images/page2.png","md5":"7cf0473e3b72be2ff7fd792e4105631f"},{"page":"/assets/images/page3.png","md5":"e99ae2ed6ead2d089df1a13c0bb3fd69"},{"page":"/assets/images/password.png","md5":"fe75455a2a941b8824d5ebb520c41f3d"},{"page":"/assets/images/pinglun.png","md5":"ed0128492ebbd112f416201172ffbd29"},{"page":"/assets/images/pull.png","md5":"1242291988c44eeec45ff2b61fd85c49"},{"page":"/assets/images/pyq.png","md5":"6c89a5bc249f16cea7a7323e8992cd05"},{"page":"/assets/images/pyq@2x.png","md5":"0d8da56f3ab67b95127f10f7368349ef"},{"page":"/assets/images/pyq@3x.png","md5":"5c811f23aac864c8897eb3529a14371c"},{"page":"/assets/images/rectangle@2x.png","md5":"93c8421eddc080de204822d1a74caceb"},{"page":"/assets/images/scan.png","md5":"1c15f037d4304a1afb19566f9d96558f"},{"page":"/assets/images/search.@2x.png","md5":"5bf6892f3ce63844d4537cd3da0f463f"},{"page":"/assets/images/server_pic.jpg","md5":"f47baf96c55b246572c373aecba24e9b"},{"page":"/assets/images/sheji1.png","md5":"b4764e43156619ca8e2acccd321580ad"},{"page":"/assets/images/sheji2.png","md5":"d498d4037904839cd15f546d2ec711ee"},{"page":"/assets/images/sliceBack@2x.png","md5":"b6ed8312ac68a11a48ef7e1e976a480a"},{"page":"/assets/images/tick.png","md5":"cb1a0e6079af6025d4ad060f19af5246"},{"page":"/assets/images/tick_hui.png","md5":"f48bc7b880c79d95a1def628b221b88f"},{"page":"/assets/images/uncheck.png","md5":"8966e091f7594d53349d5369c12907dc"},{"page":"/assets/images/uparrow.png","md5":"d5d4bb12278a21bd06607687d9b14acf"},{"page":"/assets/images/wodejiaicon.png","md5":"7655d0a2ccc6e2c43db76627c4463867"},{"page":"/assets/images/wodejianame.png","md5":"def6d97198decedf156e53ec944ba2cd"},{"page":"/assets/images/wx.png","md5":"04980b390d78fb4dca9072f79b598819"},{"page":"/assets/images/wx@2x.png","md5":"f42f0765e84b62132cf6537498ff7160"},{"page":"/assets/images/wx@3x.png","md5":"a4cdf02a01db68ceef7729d4dc394834"},{"page":"/assets/images/xingjiename.png","md5":"885941a3043fec2b1faadd3d6140bbac"},{"page":"/assets/images/yes.png","md5":"63b6b213aa768280adda4e96e0881147"},{"page":"/assets/web/jquery.min.js","md5":"8ac3b556d8f7b5b373f2a57216e8b8b3"},{"page":"/assets/web/qrcode.html","md5":"a59dd51697c299e52aee30be761a2b25"},{"page":"/assets/web/qrcode.min.js","md5":"517b55d3688ce9ef1085a3d9632bcb97"}],"android":"1.0.0","iOS":"1.0.0","appName":"atjia","jsVersion":"d9129cc67609d4cad5006479faaeaee1","timestamp":1547117706828}
